Link_Quality\Objective_Function	OF0	MRHOF
10		
20		
30	0.18181818181818182	0.18181818181818182
40	0.8062283737024222	0.1016949152542373
50	0.6298076923076923	0.6298076923076923
60	0.9594017094017094	0.9594017094017094
70	0.9515789473684211	0.9515789473684211
80	0.9918032786885246	0.9918032786885246
90	0.9959100204498977	0.9979550102249489
100	0.9979381443298969	0.9979381443298969
